filename,chroma_stft,rmse,spectral_centroid,spectral_bandwidth,rolloff,zero_crossing_rate,mfcc1,mfcc2,mfcc3,mfcc4,mfcc5,mfcc6,mfcc7,mfcc8,mfcc9,mfcc10,mfcc11,mfcc12,mfcc13,mfcc14,mfcc15,mfcc16,mfcc17,mfcc18,mfcc19,mfcc20,label
3(1).m4a,0.5121935606002808,0.006992412265390158,2390.144441999355,2316.877574758068,5084.652587134771,0.13219723539086686,-399.09014892578125,107.51458740234375,0.9551270604133606,21.07466697692871,-37.566043853759766,39.0575065612793,5.827065467834473,15.450222969055176,-2.5501439571380615,8.480189323425293,-0.7719866633415222,-4.2488112449646,11.391020774841309,-8.702057838439941,-0.7479040026664734,-3.2024266719818115,2.4725985527038574,1.0213313102722168,-2.469169855117798,-6.651434421539307
